                  epoch,         train/box_loss,         train/cls_loss,         train/dfl_loss,   metrics/precision(B),      metrics/recall(B),       metrics/mAP50(B),    metrics/mAP50-95(B),           val/box_loss,           val/cls_loss,           val/dfl_loss,                 lr/pg0,                 lr/pg1,                 lr/pg2
                      1,                0.99344,                 1.5873,                 1.1805,                 0.6871,                0.65901,                0.64752,                0.43959,                 1.1127,                 2.0262,                 1.3168,             0.00066077,             0.00066077,             0.00066077
                      2,                 1.0769,                  1.242,                 1.2423,                0.73488,                0.67148,                 0.6796,                0.43192,                 1.2509,                 2.0635,                 1.5727,              0.0013222,              0.0013222,              0.0013222
                      3,                 1.1036,                 1.1292,                 1.2509,                0.71923,                 0.7256,                0.71216,                0.46744,                 1.1486,                 1.7241,                 1.3691,              0.0019783,              0.0019783,              0.0019783
                      4,                 1.0752,                 0.9994,                 1.2273,                0.71486,                0.73708,                0.71716,                0.45097,                 1.2441,                 1.7306,                 1.3656,              0.0019762,              0.0019762,              0.0019762
                      5,                 1.0488,                0.94212,                 1.2195,                0.72156,                0.67853,                0.69181,                0.46511,                 1.1404,                 1.2847,                 1.3276,              0.0019762,              0.0019762,              0.0019762
                      6,                 1.0247,                0.89392,                 1.2134,                0.82766,                0.81515,                0.82898,                0.58956,                  1.021,                0.85684,                 1.1866,              0.0019683,              0.0019683,              0.0019683
                      7,                 1.0118,                 0.8607,                 1.1962,                0.81287,                0.78302,                0.81596,                0.58051,                 1.0145,                0.91232,                 1.2378,              0.0019604,              0.0019604,              0.0019604
                      8,                0.96898,                0.80799,                 1.1762,                0.85235,                0.84386,                0.85544,                0.62198,                0.94987,                0.74831,                 1.1614,              0.0019525,              0.0019525,              0.0019525
                      9,                0.96453,                0.77866,                 1.1849,                0.84318,                 0.8457,                0.84845,                0.63832,                 0.9169,                0.81649,                 1.1478,              0.0019446,              0.0019446,              0.0019446
                     10,                0.95837,                0.77916,                 1.1774,                0.82884,                0.85061,                0.87083,                  0.655,                0.91815,                0.71953,                 1.1316,              0.0019366,              0.0019366,              0.0019366
                     11,                0.94453,                0.75541,                 1.1643,                0.88378,                0.82319,                0.87539,                0.66852,                0.92655,                0.71029,                 1.1228,              0.0019287,              0.0019287,              0.0019287
                     12,                0.93681,                0.75588,                 1.1545,                0.85552,                0.87022,                0.87684,                 0.6631,                0.89135,                0.69184,                 1.1227,              0.0019208,              0.0019208,              0.0019208
                     13,                0.93773,                0.71774,                 1.1538,                0.86192,                0.84386,                0.86965,                0.65711,                0.88748,                0.74729,                  1.126,              0.0019129,              0.0019129,              0.0019129
                     14,                0.92953,                0.71921,                 1.1585,                0.87724,                0.83682,                0.88708,                0.67457,                0.86682,                0.63676,                 1.1019,               0.001905,               0.001905,               0.001905
                     15,                0.90218,                0.67379,                 1.1361,                0.88473,                0.87026,                0.89002,                0.67671,                0.87642,                0.61043,                 1.1039,               0.001897,               0.001897,               0.001897
                     16,                0.91576,                0.66393,                 1.1391,                0.86753,                0.87216,                0.89365,                 0.6821,                0.85138,                0.60614,                 1.0929,              0.0018891,              0.0018891,              0.0018891
                     17,                0.87525,                0.63562,                 1.1215,                0.85862,                0.86682,                 0.8902,                0.68344,                0.84975,                0.65249,                 1.0734,              0.0018812,              0.0018812,              0.0018812
                     18,                   0.88,                0.65336,                 1.1211,                0.84685,                0.88246,                 0.8868,                0.68807,                 0.8479,                0.61661,                 1.0904,              0.0018733,              0.0018733,              0.0018733
                     19,                0.88511,                0.64305,                 1.1276,                0.88959,                0.86952,                0.90892,                0.70054,                 0.8484,                0.57533,                 1.0927,              0.0018654,              0.0018654,              0.0018654
                     20,                0.86873,                0.63834,                 1.1142,                0.87531,                0.87371,                0.89095,                0.68519,                0.84581,                0.63305,                 1.0839,              0.0018574,              0.0018574,              0.0018574
                     21,                0.88307,                0.64893,                 1.1182,                0.85607,                0.88776,                0.88692,                0.68642,                0.85805,                0.57987,                 1.1048,              0.0018495,              0.0018495,              0.0018495
                     22,                0.86719,                 0.6259,                 1.1215,                0.87823,                0.86942,                 0.9033,                0.70439,                0.83102,                0.62056,                 1.0808,              0.0018416,              0.0018416,              0.0018416
                     23,                0.87342,                 0.6206,                 1.1142,                0.87361,                 0.8496,                0.90068,                0.69894,                0.83267,                0.58439,                 1.0752,              0.0018337,              0.0018337,              0.0018337
                     24,                0.85982,                0.61505,                 1.1051,                0.86767,                  0.876,                0.90821,                0.70858,                0.79557,                0.54574,                 1.0529,              0.0018258,              0.0018258,              0.0018258
                     25,                0.84052,                0.58735,                  1.094,                 0.8784,                0.88741,                0.91183,                0.70238,                 0.8409,                0.53408,                   1.09,              0.0018178,              0.0018178,              0.0018178
                     26,                0.83932,                0.58882,                 1.1032,                0.86968,                0.86577,                0.90524,                0.70801,                0.81009,                0.56671,                 1.0505,              0.0018099,              0.0018099,              0.0018099
                     27,                  0.849,                 0.6148,                 1.1019,                0.89899,                0.87945,                0.91153,                0.71339,                0.81366,                0.56346,                 1.0653,               0.001802,               0.001802,               0.001802
                     28,                0.83871,                0.57559,                 1.0909,                0.89114,                0.85419,                0.89906,                0.69834,                0.85402,                0.57054,                 1.0732,              0.0017941,              0.0017941,              0.0017941
                     29,                0.84159,                0.57667,                 1.0963,                0.87506,                0.88749,                0.90299,                    0.7,                0.83106,                0.53841,                 1.0858,              0.0017862,              0.0017862,              0.0017862
                     30,                0.81579,                0.57368,                 1.0855,                0.89011,                0.85419,                0.91507,                0.71214,                0.82248,                 0.5602,                 1.0696,              0.0017782,              0.0017782,              0.0017782
                     31,                0.81648,                0.56785,                 1.0873,                0.88131,                0.87807,                 0.9136,                0.71797,                0.82001,                0.53277,                 1.0535,              0.0017703,              0.0017703,              0.0017703
                     32,                0.83159,                 0.5814,                 1.0872,                 0.8767,                0.88165,                0.92161,                0.70963,                0.83221,                0.55746,                   1.07,              0.0017624,              0.0017624,              0.0017624
                     33,                0.82348,                0.57864,                  1.095,                0.89365,                0.88754,                0.92351,                0.71544,                0.83124,                0.52056,                 1.0718,              0.0017545,              0.0017545,              0.0017545
                     34,                0.82484,                0.59301,                  1.088,                0.89366,                0.88863,                0.92146,                0.71419,                0.79747,                0.51817,                 1.0555,              0.0017466,              0.0017466,              0.0017466
                     35,                0.82903,                0.55838,                 1.0915,                0.90652,                  0.876,                0.92988,                0.72449,                0.80738,                0.50459,                 1.0648,              0.0017386,              0.0017386,              0.0017386
                     36,                0.81859,                0.56174,                 1.0792,                0.88641,                0.86013,                0.91982,                0.72028,                0.79641,                0.53157,                 1.0559,              0.0017307,              0.0017307,              0.0017307
                     37,                0.80108,                0.56001,                 1.0709,                0.85366,                0.88408,                 0.9149,                 0.7225,                0.78264,                0.52197,                 1.0466,              0.0017228,              0.0017228,              0.0017228
                     38,                0.80302,                 0.5416,                 1.0806,                0.86298,                0.89667,                0.91706,                0.71448,                0.81201,                0.53555,                 1.0705,              0.0017149,              0.0017149,              0.0017149
                     39,                0.79948,                0.54308,                 1.0734,                0.89422,                0.88324,                0.92195,                0.73769,                0.77117,                0.51091,                 1.0335,               0.001707,               0.001707,               0.001707
                     40,                 0.8003,                 0.5537,                 1.0726,                0.88953,                0.89671,                0.92825,                0.73238,                0.77813,                0.48668,                 1.0347,               0.001699,               0.001699,               0.001699
                     41,                 0.7943,                0.53349,                 1.0723,                0.88781,                0.89035,                 0.9143,                0.72099,                0.77375,                0.52656,                 1.0301,              0.0016911,              0.0016911,              0.0016911
                     42,                0.79022,                0.53426,                 1.0753,                0.86866,                0.88844,                0.91781,                0.72732,                0.79115,                0.54044,                 1.0516,              0.0016832,              0.0016832,              0.0016832
                     43,                0.78887,                0.53369,                 1.0714,                0.90639,                0.86912,                0.92204,                0.71702,                0.81328,                0.52396,                 1.0793,              0.0016753,              0.0016753,              0.0016753
                     44,                0.78983,                 0.5199,                 1.0617,                0.88635,                0.89552,                0.93306,                0.73891,                0.77751,                0.50895,                 1.0371,              0.0016674,              0.0016674,              0.0016674
                     45,                0.78014,                0.53596,                 1.0608,                0.86103,                0.84653,                0.89815,                0.69738,                0.86336,                0.61628,                 1.1354,              0.0016594,              0.0016594,              0.0016594
                     46,                0.78629,                0.53919,                 1.0699,                0.88633,                0.89524,                0.93553,                0.74158,                0.76705,                0.51215,                 1.0327,              0.0016515,              0.0016515,              0.0016515
                     47,                0.77897,                0.52075,                 1.0636,                0.90081,                 0.8758,                0.94228,                0.75112,                0.76563,                0.47584,                 1.0224,              0.0016436,              0.0016436,              0.0016436
                     48,                0.79838,                0.52434,                 1.0696,                0.89016,                0.90253,                0.93791,                0.74856,                0.78571,                0.48282,                 1.0462,              0.0016357,              0.0016357,              0.0016357
                     49,                0.78477,                0.51394,                 1.0658,                0.87899,                0.90899,                0.94063,                0.74501,                0.78928,                0.48181,                 1.0482,              0.0016278,              0.0016278,              0.0016278
                     50,                0.78037,                0.51078,                 1.0698,                0.89898,                0.89911,                0.94005,                 0.7331,                0.78778,                0.48447,                 1.0367,              0.0016198,              0.0016198,              0.0016198
                     51,                0.78131,                 0.5089,                 1.0543,                0.87433,                0.90471,                0.93382,                0.74384,                0.76558,                0.50298,                  1.037,              0.0016119,              0.0016119,              0.0016119
                     52,                 0.7727,                0.50538,                  1.052,                 0.9011,                0.89957,                0.94328,                 0.7514,                0.77916,                0.45909,                 1.0259,               0.001604,               0.001604,               0.001604
                     53,                0.77305,                0.51285,                 1.0575,                0.88392,                0.89208,                0.93682,                 0.7394,                0.78244,                0.47135,                  1.042,              0.0015961,              0.0015961,              0.0015961
                     54,                0.77795,                0.50441,                 1.0581,                0.89862,                0.90126,                0.93395,                0.73885,                0.77561,                0.48843,                 1.0402,              0.0015882,              0.0015882,              0.0015882
                     55,                0.77647,                0.50767,                 1.0587,                0.90816,                0.89323,                0.93955,                0.75213,                0.75407,                0.46526,                  1.016,              0.0015802,              0.0015802,              0.0015802
                     56,                0.75895,                0.49845,                 1.0497,                0.90178,                0.90241,                 0.9373,                0.75404,                0.76443,                 0.4586,                  1.024,              0.0015723,              0.0015723,              0.0015723
                     57,                0.76216,                0.49552,                 1.0449,                0.87621,                0.91274,                0.94884,                0.75385,                0.75335,                0.44972,                 1.0233,              0.0015644,              0.0015644,              0.0015644
                     58,                0.75116,                0.49457,                 1.0419,                0.88525,                0.90356,                0.94324,                0.75012,                0.76005,                0.48028,                 1.0215,              0.0015565,              0.0015565,              0.0015565
                     59,                0.75226,                0.50001,                 1.0436,                0.90995,                0.88289,                0.95536,                0.75876,                 0.7566,                0.45503,                 1.0175,              0.0015486,              0.0015486,              0.0015486
                     60,                0.75771,                0.49535,                 1.0498,                0.88375,                0.89901,                0.94495,                0.75334,                 0.7416,                0.45007,                 1.0115,              0.0015406,              0.0015406,              0.0015406
                     61,                0.76254,                0.49401,                 1.0508,                0.87157,                0.89605,                0.92692,                0.73807,                 0.7701,                0.49906,                 1.0282,              0.0015327,              0.0015327,              0.0015327
                     62,                0.75004,                0.48973,                 1.0472,                0.87682,                0.89093,                0.92008,                0.74055,                0.75936,                0.49505,                 1.0322,              0.0015248,              0.0015248,              0.0015248
                     63,                 0.7651,                0.49616,                 1.0538,                0.87596,                0.90126,                0.94113,                0.74664,                0.75281,                0.49698,                 1.0175,              0.0015169,              0.0015169,              0.0015169
                     64,                0.76184,                0.48531,                 1.0477,                0.86391,                0.90377,                0.93575,                0.74341,                0.75119,                0.48132,                 1.0129,               0.001509,               0.001509,               0.001509
                     65,                0.74467,                0.46829,                 1.0386,                0.88308,                0.92423,                0.94818,                0.75797,                0.74376,                0.45528,                  1.015,               0.001501,               0.001501,               0.001501
                     66,                0.74864,                0.47153,                 1.0499,                0.89344,                0.89527,                 0.9287,                0.73378,                0.78218,                0.48123,                 1.0459,              0.0014931,              0.0014931,              0.0014931
                     67,                0.75439,                0.48862,                 1.0471,                 0.8787,                 0.9116,                0.94127,                0.75462,                0.76124,                0.46779,                 1.0248,              0.0014852,              0.0014852,              0.0014852
                     68,                0.74545,                0.48426,                 1.0374,                0.90094,                0.89667,                0.95152,                0.75458,                0.75219,                0.44404,                 1.0186,              0.0014773,              0.0014773,              0.0014773
                     69,                0.74414,                0.48117,                 1.0383,                0.88474,                0.90815,                0.94524,                0.76073,                0.73012,                0.44733,                 1.0011,              0.0014694,              0.0014694,              0.0014694
                     70,                0.73977,                0.47033,                 1.0406,                0.87608,                0.90905,                0.93994,                0.74914,                0.74509,                0.46607,                 1.0239,              0.0014614,              0.0014614,              0.0014614
                     71,                0.73796,                0.47135,                 1.0389,                0.88876,                0.88979,                0.93561,                0.75215,                0.74467,                0.46184,                 1.0118,              0.0014535,              0.0014535,              0.0014535
                     72,                0.73623,                0.47565,                 1.0313,                0.89245,                0.91463,                0.94605,                0.75994,                0.74238,                0.45708,                 1.0117,              0.0014456,              0.0014456,              0.0014456
                     73,                0.72197,                 0.4607,                 1.0241,                0.90809,                0.90743,                0.95349,                0.76785,                0.73603,                0.42356,                 1.0099,              0.0014377,              0.0014377,              0.0014377
                     74,                0.72959,                 0.4708,                  1.027,                0.86019,                0.91504,                0.94227,                 0.7629,                0.72927,                0.44403,                 1.0018,              0.0014298,              0.0014298,              0.0014298
                     75,                0.74303,                0.47853,                 1.0436,                0.92324,                0.89753,                0.95276,                0.76486,                0.74696,                0.43841,                 1.0127,              0.0014218,              0.0014218,              0.0014218
                     76,                0.73142,                0.45951,                   1.03,                0.90955,                 0.9093,                0.95676,                0.77287,                0.72589,                0.42703,                 1.0026,              0.0014139,              0.0014139,              0.0014139
                     77,                 0.7449,                0.47023,                 1.0326,                0.91498,                0.92767,                0.95999,                0.76977,                0.73083,                0.41891,                 1.0065,               0.001406,               0.001406,               0.001406
                     78,                0.72046,                0.44859,                 1.0329,                0.90181,                0.92078,                0.95957,                0.77602,                0.72555,                0.41919,                0.99997,              0.0013981,              0.0013981,              0.0013981
                     79,                0.71422,                0.44857,                   1.03,                 0.8789,                0.92308,                0.94222,                0.76443,                0.74065,                0.44887,                  1.012,              0.0013902,              0.0013902,              0.0013902
                     80,                0.71579,                0.45207,                 1.0291,                0.89948,                0.92458,                0.95398,                 0.7701,                0.74128,                0.43111,                 1.0107,              0.0013822,              0.0013822,              0.0013822
                     81,                0.73186,                0.45565,                  1.032,                0.92343,                0.90356,                0.94524,                0.75156,                0.74416,                0.45221,                 1.0138,              0.0013743,              0.0013743,              0.0013743
                     82,                0.71917,                0.44882,                 1.0254,                0.89908,                0.91619,                0.94279,                0.76157,                0.74962,                0.44137,                  1.014,              0.0013664,              0.0013664,              0.0013664
                     83,                 0.7238,                0.45943,                 1.0245,                0.88338,                0.92308,                0.95576,                0.77656,                0.72409,                0.43024,                0.99597,              0.0013585,              0.0013585,              0.0013585
                     84,                0.73108,                0.44576,                  1.035,                0.91384,                 0.9116,                0.96145,                0.77846,                0.72603,                0.40905,                0.99421,              0.0013506,              0.0013506,              0.0013506
                     85,                0.72728,                0.44895,                 1.0295,                0.90634,                0.92882,                0.95769,                0.77342,                0.73757,                0.42351,                 1.0061,              0.0013426,              0.0013426,              0.0013426
                     86,                0.70458,                0.43476,                 1.0137,                0.92363,                0.91274,                0.95545,                0.77294,                0.73675,                0.42432,                 1.0051,              0.0013347,              0.0013347,              0.0013347
                     87,                0.71644,                0.44207,                 1.0255,                0.92062,                0.91389,                 0.9561,                0.76917,                0.73414,                0.41823,                 1.0073,              0.0013268,              0.0013268,              0.0013268
                     88,                0.71404,                0.44263,                 1.0211,                0.91473,                0.92308,                0.95855,                0.77787,                0.71345,                0.39922,                0.98654,              0.0013189,              0.0013189,              0.0013189
                     89,                0.69263,                0.43465,                 1.0193,                0.92098,                0.92334,                 0.9608,                0.78086,                0.71978,                0.38987,                0.99152,               0.001311,               0.001311,               0.001311
                     90,                0.70244,                0.43173,                 1.0177,                0.90681,                0.92078,                0.95799,                0.77299,                0.73597,                0.41148,                0.99792,               0.001303,               0.001303,               0.001303
                     91,                0.69399,                0.42792,                 1.0253,                0.89733,                0.92767,                0.96117,                0.78003,                0.71932,                 0.4026,                 1.0006,              0.0012951,              0.0012951,              0.0012951
                     92,                0.70383,                0.43484,                 1.0181,                0.90169,                0.91614,                0.96176,                0.77864,                0.72583,                0.40427,                 0.9936,              0.0012872,              0.0012872,              0.0012872
                     93,                0.69618,                0.42637,                 1.0115,                0.89682,                0.93805,                0.96332,                0.78134,                0.71618,                0.41386,                0.99726,              0.0012793,              0.0012793,              0.0012793
                     94,                0.69279,                0.43284,                 1.0245,                0.91739,                0.91797,                0.96244,                 0.7836,                0.72693,                0.39334,                 1.0013,              0.0012714,              0.0012714,              0.0012714
                     95,                0.69075,                0.42755,                 1.0161,                0.89972,                0.92705,                0.95537,                0.77834,                0.71401,                0.41733,                 0.9864,              0.0012634,              0.0012634,              0.0012634
                     96,                0.68266,                0.42188,                 1.0172,                0.92921,                 0.9116,                0.96002,                0.78114,                0.71392,                0.39649,                0.99864,              0.0012555,              0.0012555,              0.0012555
                     97,                0.69054,                0.42822,                 1.0149,                0.92353,                0.91517,                0.96695,                0.78119,                0.71065,                0.40469,                 0.9933,              0.0012476,              0.0012476,              0.0012476
                     98,                0.68746,                0.41908,                 1.0137,                0.92047,                0.91685,                0.95916,                0.78538,                0.70479,                0.39407,                0.98561,              0.0012397,              0.0012397,              0.0012397
                     99,                0.68639,                0.42127,                 1.0196,                0.88366,                0.93308,                0.95922,                0.79067,                0.70921,                0.40512,                0.98627,              0.0012318,              0.0012318,              0.0012318
                    100,                0.68426,                0.42049,                 1.0146,                 0.9234,                0.92732,                0.96287,                0.78202,                0.70629,                0.40108,                0.98582,              0.0012238,              0.0012238,              0.0012238
                    101,                0.68594,                0.42282,                 1.0121,                0.92041,                0.92938,                0.96636,                0.78376,                0.71356,                0.38581,                0.98526,              0.0012159,              0.0012159,              0.0012159
                    102,                0.67854,                0.42169,                 1.0139,                0.91371,                0.92394,                0.96128,                0.78429,                0.70678,                0.39618,                0.98666,               0.001208,               0.001208,               0.001208
                    103,                0.69165,                0.42182,                  1.017,                0.91708,                0.91504,                0.96494,                0.79029,                0.69426,                 0.3987,                0.98022,              0.0012001,              0.0012001,              0.0012001
                    104,                 0.6665,                0.40964,                 1.0006,                 0.9058,                0.92997,                0.95686,                0.78719,                 0.6997,                0.39851,                 0.9792,              0.0011922,              0.0011922,              0.0011922
                    105,                0.68086,                0.40513,                 1.0034,                0.92326,                0.92537,                0.96475,                0.78882,                0.70678,                 0.3807,                0.98176,              0.0011842,              0.0011842,              0.0011842
                    106,                 0.6826,                0.41053,                  1.007,                0.90279,                0.93685,                0.96609,                0.78876,                0.69708,                0.38955,                0.98008,              0.0011763,              0.0011763,              0.0011763
                    107,                0.69364,                0.42404,                 1.0129,                0.91181,                0.93777,                0.96536,                0.78859,                0.70767,                 0.3827,                0.98456,              0.0011684,              0.0011684,              0.0011684
                    108,                0.66796,                0.40602,                 1.0068,                0.89471,                0.93654,                0.96027,                0.78383,                0.69861,                0.40222,                0.97689,              0.0011605,              0.0011605,              0.0011605
                    109,                0.67086,                0.40865,                 1.0016,                0.90029,                0.95374,                0.96712,                0.78741,                0.69849,                0.38553,                 0.9848,              0.0011526,              0.0011526,              0.0011526
                    110,                0.67321,                0.40416,                 1.0081,                0.91313,                0.92925,                0.96087,                0.77549,                0.70013,                0.39189,                0.97998,              0.0011446,              0.0011446,              0.0011446
                    111,                0.65645,                0.39529,                0.99343,                0.92345,                  0.907,                0.96603,                0.78729,                 0.7047,                0.38742,                 0.9859,              0.0011367,              0.0011367,              0.0011367
                    112,                0.66425,                 0.3998,                0.99877,                0.92652,                0.92078,                0.96249,                0.78565,                0.70296,                0.38359,                0.98079,              0.0011288,              0.0011288,              0.0011288
                    113,                0.64893,                  0.395,                0.98908,                0.92006,                0.93341,                0.96747,                0.78728,                0.69912,                0.37936,                0.97896,              0.0011209,              0.0011209,              0.0011209
                    114,                0.65377,                0.38849,                0.99107,                0.92475,                0.91709,                  0.959,                0.79328,                0.67994,                0.37939,                0.96648,               0.001113,               0.001113,               0.001113
                    115,                0.68426,                0.41257,                 1.0107,                0.90327,                0.93571,                0.96314,                0.78973,                0.69198,                0.38168,                 0.9743,               0.001105,               0.001105,               0.001105
                    116,                0.66478,                0.39871,                 1.0024,                0.92507,                0.93226,                0.96928,                0.79058,                0.70229,                0.37601,                0.99118,              0.0010971,              0.0010971,              0.0010971
                    117,                0.64968,                0.39966,                0.99947,                 0.9071,                0.94171,                0.96134,                0.78393,                0.68859,                0.37756,                0.97749,              0.0010892,              0.0010892,              0.0010892
                    118,                0.66097,                0.39526,                 0.9976,                0.91042,                0.93351,                0.96485,                0.79428,                0.69034,                0.37706,                0.97658,              0.0010813,              0.0010813,              0.0010813
                    119,                0.66147,                0.39547,                0.99322,                0.90059,                0.94647,                0.95898,                0.78767,                0.69352,                0.38299,                0.98366,              0.0010734,              0.0010734,              0.0010734
                    120,                 0.6443,                0.39008,                0.99782,                0.91531,                0.94302,                0.96635,                 0.7858,                0.69705,                 0.3832,                0.97779,              0.0010654,              0.0010654,              0.0010654
                    121,                0.65966,                0.39427,                      1,                0.91122,                0.93341,                0.96263,                0.79263,                0.68637,                0.37585,                0.97705,              0.0010575,              0.0010575,              0.0010575
                    122,                0.65021,                0.39632,                0.99108,                0.91958,                0.92537,                0.96318,                0.79758,                0.68752,                0.38166,                0.97486,              0.0010496,              0.0010496,              0.0010496
                    123,                0.65733,                0.39507,                0.99801,                0.92227,                0.92652,                0.96609,                0.79735,                0.68452,                0.38223,                0.96558,              0.0010417,              0.0010417,              0.0010417
                    124,                0.65175,                0.39557,                0.99698,                0.93095,                 0.9403,                0.96889,                0.79477,                 0.6868,                0.37007,                0.97299,              0.0010338,              0.0010338,              0.0010338
                    125,                 0.6351,                0.37942,                 0.9829,                0.92007,                0.93837,                0.96435,                 0.7966,                0.68002,                0.37619,                0.96534,              0.0010258,              0.0010258,              0.0010258
                    126,                0.64453,                0.39668,                0.98729,                0.90439,                0.94259,                0.95969,                 0.7924,                0.68995,                0.38353,                0.97089,              0.0010179,              0.0010179,              0.0010179
                    127,                0.64908,                0.38911,                0.99245,                0.89176,                0.95533,                0.95452,                0.78638,                0.68469,                0.37711,                  0.971,                0.00101,                0.00101,                0.00101
                    128,                0.63848,                0.39028,                0.98943,                0.91157,                0.95408,                0.96854,                0.79698,                 0.6804,                0.36735,                0.97105,              0.0010021,              0.0010021,              0.0010021
                    129,                0.63853,                0.39112,                0.98151,                0.91726,                0.94186,                 0.9646,                0.79487,                 0.6835,                0.37502,                0.97359,             0.00099416,             0.00099416,             0.00099416
                    130,                0.63467,                0.37659,                0.98517,                 0.9105,                0.94611,                0.96616,                0.79967,                0.67427,                0.36921,                0.96755,             0.00098624,             0.00098624,             0.00098624
                    131,                0.64715,                0.38368,                0.98609,                0.91079,                 0.9377,                 0.9639,                0.79481,                0.68525,                0.37235,                0.97454,             0.00097832,             0.00097832,             0.00097832
                    132,                0.63977,                0.37992,                0.99764,                0.89299,                0.94489,                0.96449,                0.78945,                0.70031,                0.38865,                0.98514,              0.0009704,              0.0009704,              0.0009704
                    133,                0.64084,                0.38248,                0.98889,                0.90922,                0.91963,                 0.9613,                0.79834,                0.67775,                 0.3863,                0.96356,             0.00096248,             0.00096248,             0.00096248
                    134,                 0.6302,                0.37908,                0.98653,                0.89993,                0.95522,                 0.9642,                0.79713,                0.67869,                0.37066,                0.96893,             0.00095456,             0.00095456,             0.00095456
                    135,                0.62938,                0.37225,                 0.9914,                 0.8939,                0.95408,                0.96765,                0.79887,                0.67719,                0.37386,                0.97299,             0.00094664,             0.00094664,             0.00094664
                    136,                0.62778,                0.37147,                0.98345,                0.91751,                0.92537,                0.96072,                 0.7982,                0.67918,                0.37594,                0.97276,             0.00093872,             0.00093872,             0.00093872
                    137,                0.63577,                0.37984,                0.98761,                0.90716,                0.94238,                0.96708,                 0.7978,                0.67905,                0.36955,                0.97258,              0.0009308,              0.0009308,              0.0009308
                    138,                0.63957,                0.37619,                0.99502,                0.91289,                 0.9403,                0.96606,                0.80093,                0.67192,                0.36398,                0.96831,             0.00092288,             0.00092288,             0.00092288
                    139,                0.61874,                0.35967,                0.97908,                0.91003,                0.94834,                0.96675,                0.80608,                0.67144,                0.36298,                0.97117,             0.00091496,             0.00091496,             0.00091496
                    140,                0.61561,                0.37524,                0.98366,                0.91558,                0.93387,                0.96174,                0.80767,                0.66057,                0.36949,                0.95697,             0.00090704,             0.00090704,             0.00090704
                    141,                0.62586,                0.37234,                0.98164,                  0.916,                0.94719,                0.96705,                0.80134,                0.67654,                0.35966,                0.96671,             0.00089912,             0.00089912,             0.00089912
                    142,                0.61276,                0.36343,                0.97681,                0.91171,                0.93685,                0.96123,                0.80193,                0.66565,                0.36135,                0.96617,              0.0008912,              0.0008912,              0.0008912
                    143,                 0.6192,                 0.3714,                0.97978,                0.91559,                0.92997,                0.96543,                0.80326,                0.67023,                0.36232,                0.96386,             0.00088328,             0.00088328,             0.00088328
                    144,                0.61729,                0.36999,                0.98037,                0.92646,                0.92997,                0.96691,                0.80084,                0.67326,                0.36249,                0.96142,             0.00087536,             0.00087536,             0.00087536
                    145,                0.62419,                 0.3724,                0.98608,                0.92373,                0.93111,                 0.9666,                0.79958,                0.66998,                0.36806,                0.96309,             0.00086744,             0.00086744,             0.00086744
                    146,                0.61382,                0.36238,                0.97987,                0.91725,                  0.938,                0.96721,                0.80785,                0.66007,                0.36325,                0.95755,             0.00085952,             0.00085952,             0.00085952
                    147,                0.60275,                0.36188,                0.96985,                0.92269,                0.93173,                0.96854,                0.80107,                0.66167,                0.35496,                0.95494,              0.0008516,              0.0008516,              0.0008516
                    148,                0.61615,                0.36548,                0.98405,                0.93146,                0.93341,                0.96876,                0.80339,                0.65963,                0.35411,                0.95933,             0.00084368,             0.00084368,             0.00084368
                    149,                0.60922,                0.36241,                0.97663,                0.92369,                0.94499,                 0.9666,                0.80033,                0.66514,                0.36308,                0.96665,             0.00083576,             0.00083576,             0.00083576
                    150,                0.61246,                0.35508,                0.97557,                0.90871,                 0.9486,                 0.9674,                0.80196,                0.66284,                0.36417,                0.96107,             0.00082784,             0.00082784,             0.00082784
                    151,                0.59814,                 0.3598,                0.97032,                0.91655,                0.94834,                0.96974,                0.80262,                0.65829,                0.35845,                0.95811,             0.00081992,             0.00081992,             0.00081992
                    152,                0.61682,                0.36666,                0.97598,                0.91469,                0.94786,                0.97245,                 0.8007,                0.67131,                0.36034,                0.97011,               0.000812,               0.000812,               0.000812
                    153,                0.61688,                0.35994,                0.97362,                0.91725,                0.94604,                0.97411,                0.80794,                0.65904,                0.35169,                0.95619,             0.00080408,             0.00080408,             0.00080408
                    154,                0.59371,                0.34635,                0.96846,                0.91876,                0.94719,                0.96943,                 0.8077,                0.66821,                0.35046,                 0.9655,             0.00079616,             0.00079616,             0.00079616
                    155,                0.60205,                0.34872,                0.96939,                0.92197,                  0.938,                0.96839,                0.80174,                0.65806,                0.35169,                0.95992,             0.00078824,             0.00078824,             0.00078824
                    156,                0.59118,                0.34725,                 0.9671,                0.90755,                0.94673,                0.96974,                0.80672,                0.65578,                0.35053,                0.95965,             0.00078032,             0.00078032,             0.00078032
                    157,                0.59072,                 0.3468,                0.96945,                0.91128,                0.95293,                0.96778,                0.80401,                0.65996,                0.35464,                0.96376,              0.0007724,              0.0007724,              0.0007724
                    158,                0.59108,                0.34538,                0.96748,                0.91188,                0.94834,                0.96849,                0.80461,                0.66363,                0.35452,                0.96328,             0.00076448,             0.00076448,             0.00076448
                    159,                0.58932,                0.35121,                0.96416,                0.92046,                0.95657,                0.97295,                0.80117,                0.65519,                0.34802,                 0.9553,             0.00075656,             0.00075656,             0.00075656
                    160,                0.59541,                0.35178,                0.96717,                0.91966,                0.94948,                0.97177,                0.80252,                0.66123,                0.35284,                0.96242,             0.00074864,             0.00074864,             0.00074864
                    161,                0.59687,                0.34322,                0.96116,                0.90499,                0.95867,                0.97047,                0.80775,                0.65127,                0.34831,                0.95311,             0.00074072,             0.00074072,             0.00074072
                    162,                0.58288,                0.34849,                0.96812,                0.92613,                0.95178,                0.97346,                0.80681,                0.64501,                 0.3457,                0.95142,              0.0007328,              0.0007328,              0.0007328
                    163,                0.58915,                0.35377,                0.96738,                0.91258,                0.95881,                0.97027,                0.80867,                0.64891,                0.34779,                0.95526,             0.00072488,             0.00072488,             0.00072488
                    164,                 0.5918,                0.34515,                 0.9646,                0.91213,                0.95337,                0.96748,                0.81067,                0.64607,                0.35027,                0.95332,             0.00071696,             0.00071696,             0.00071696
                    165,                0.59238,                0.34602,                0.96296,                0.90404,                0.95063,                0.96899,                0.81004,                0.65814,                 0.3571,                0.96079,             0.00070904,             0.00070904,             0.00070904
                    166,                0.58242,                0.34816,                0.96125,                0.90418,                0.95982,                0.96802,                0.80961,                0.65774,                0.35856,                0.96038,             0.00070112,             0.00070112,             0.00070112
                    167,                0.60112,                0.34898,                 0.9716,                0.91759,                0.94596,                0.97039,                0.80752,                0.65126,                0.35783,                0.96151,              0.0006932,              0.0006932,              0.0006932
                    168,                0.57843,                0.34323,                0.96881,                0.91543,                0.94719,                0.97081,                0.80867,                0.65088,                0.35483,                0.95788,             0.00068528,             0.00068528,             0.00068528
                    169,                0.57949,                0.34766,                0.95399,                0.92574,                0.93025,                0.97084,                0.81502,                0.63736,                0.34183,                0.94779,             0.00067736,             0.00067736,             0.00067736
                    170,                0.57261,                0.33831,                0.95265,                0.92145,                0.94279,                0.97064,                 0.8141,                0.63829,                0.34259,                0.94782,             0.00066944,             0.00066944,             0.00066944
                    171,                0.58697,                0.34174,                0.96006,                0.93431,                0.94145,                0.97535,                0.81183,                0.65902,                0.34113,                0.96296,             0.00066152,             0.00066152,             0.00066152
                    172,                0.57719,                0.34191,                0.97062,                0.92364,                 0.9443,                0.97281,                0.81273,                0.63766,                0.34078,                0.94794,              0.0006536,              0.0006536,              0.0006536
                    173,                0.56682,                0.33719,                0.96339,                0.92232,                0.94374,                0.97574,                0.81435,                0.64583,                0.34075,                0.95309,             0.00064568,             0.00064568,             0.00064568
                    174,                0.57614,                0.34075,                0.96086,                 0.9225,                0.95658,                0.97428,                0.81197,                0.64481,                0.33921,                0.94863,             0.00063776,             0.00063776,             0.00063776
                    175,                0.57064,                0.34127,                0.95734,                0.91915,                0.95283,                0.97294,                0.81421,                 0.6396,                0.34554,                0.94613,             0.00062984,             0.00062984,             0.00062984
                    176,                0.57561,                0.33543,                0.96091,                0.91847,                0.95709,                0.97245,                0.81715,                0.63441,                0.33911,                0.94731,             0.00062192,             0.00062192,             0.00062192
                    177,                0.56719,                0.33738,                 0.9665,                 0.9353,                0.93685,                0.97014,                0.81612,                0.63873,                0.33906,                0.94818,               0.000614,               0.000614,               0.000614
                    178,                  0.567,                0.33822,                0.95749,                0.93415,                0.93571,                0.96848,                0.81013,                0.64776,                 0.3454,                0.95619,             0.00060608,             0.00060608,             0.00060608
                    179,                0.56965,                0.34062,                0.95925,                0.92372,                0.94539,                0.96744,                0.81495,                0.64078,                0.33993,                0.94833,             0.00059816,             0.00059816,             0.00059816
                    180,                0.56228,                0.32717,                0.95306,                 0.9276,                0.94141,                0.97139,                0.81499,                0.64394,                0.33816,                0.94873,             0.00059024,             0.00059024,             0.00059024
                    181,                0.57156,                0.33584,                0.95982,                0.93012,                0.93218,                0.97029,                 0.8137,                0.63934,                0.34077,                0.94633,             0.00058232,             0.00058232,             0.00058232
                    182,                0.57353,                0.33248,                0.95791,                0.91845,                0.94259,                0.96874,                0.81416,                 0.6371,                0.34374,                0.94416,              0.0005744,              0.0005744,              0.0005744
                    183,                0.57166,                0.33237,                0.95813,                0.93245,                  0.935,                0.96945,                0.81334,                 0.6332,                0.33894,                0.94317,             0.00056648,             0.00056648,             0.00056648
                    184,                0.57115,                0.32767,                0.95384,                0.92444,                0.93915,                0.97012,                0.81536,                0.63179,                0.34127,                0.94233,             0.00055856,             0.00055856,             0.00055856
                    185,                0.56363,                0.33014,                0.95829,                0.93039,                  0.936,                0.97042,                0.81191,                0.63503,                0.34174,                0.94561,             0.00055064,             0.00055064,             0.00055064
                    186,                0.55706,                0.32559,                0.95376,                0.93056,                0.93571,                0.97092,                0.81269,                0.63095,                 0.3419,                0.94534,             0.00054272,             0.00054272,             0.00054272
                    187,                0.55855,                0.32401,                0.95383,                0.93571,                0.93226,                0.96977,                0.81719,                0.63088,                0.33773,                0.94523,              0.0005348,              0.0005348,              0.0005348
                    188,                0.55791,                0.32922,                  0.952,                0.93232,                0.93915,                0.96948,                0.81796,                0.63093,                0.33878,                 0.9427,             0.00052688,             0.00052688,             0.00052688
                    189,                0.55638,                0.31925,                0.95228,                0.92192,                0.94892,                0.97113,                0.81658,                0.62839,                0.33365,                0.93842,             0.00051896,             0.00051896,             0.00051896
                    190,                  0.552,                0.32444,                0.94618,                0.93272,                 0.9403,                0.97215,                0.81514,                0.63428,                0.33257,                0.94239,             0.00051104,             0.00051104,             0.00051104
                    191,                0.53977,                0.31472,                0.94809,                0.93271,                 0.9403,                0.97322,                0.81346,                0.64119,                0.33678,                0.95292,             0.00050312,             0.00050312,             0.00050312
                    192,                0.54439,                0.31623,                0.94556,                0.92663,                0.94248,                0.97582,                0.81685,                0.63081,                 0.3356,                0.94699,              0.0004952,              0.0004952,              0.0004952
                    193,                0.54948,                0.31491,                0.95427,                0.91337,                0.95634,                0.97043,                0.81631,                0.62994,                0.33738,                0.93919,             0.00048728,             0.00048728,             0.00048728
                    194,                0.54441,                0.31518,                0.94356,                0.91749,                0.95754,                0.97377,                0.81737,                0.62966,                0.33257,                0.94078,             0.00047936,             0.00047936,             0.00047936
                    195,                0.55739,                0.32681,                0.95013,                0.91747,                0.95178,                 0.9735,                0.81942,                0.62697,                0.33195,                0.93948,             0.00047144,             0.00047144,             0.00047144
                    196,                  0.552,                 0.3156,                0.94639,                0.92987,                0.94378,                0.97084,                0.81793,                0.62912,                0.33472,                0.94098,             0.00046352,             0.00046352,             0.00046352
                    197,                0.54361,                0.31793,                0.94992,                0.92419,                0.95181,                0.97004,                0.81702,                0.63005,                0.33378,                0.94139,              0.0004556,              0.0004556,              0.0004556
                    198,                0.54344,                0.31648,                0.94412,                0.93092,                 0.9438,                0.97094,                0.81678,                0.62807,                0.33188,                0.94004,             0.00044768,             0.00044768,             0.00044768
                    199,                0.53968,                0.31111,                0.94352,                0.93062,                0.93938,                0.97048,                0.81536,                0.62079,                0.33092,                0.93388,             0.00043976,             0.00043976,             0.00043976
                    200,                0.53682,                0.30601,                0.94637,                0.93293,                0.94215,                0.97147,                0.81543,                0.62525,                0.33011,                0.93744,             0.00043184,             0.00043184,             0.00043184
                    201,                0.53621,                0.31173,                0.94484,                0.93083,                0.94145,                0.97011,                0.81681,                0.62481,                0.33445,                0.93911,             0.00042392,             0.00042392,             0.00042392
                    202,                0.55218,                0.31826,                0.94726,                0.93152,                0.95271,                0.96997,                0.81435,                0.62748,                0.32847,                0.94171,               0.000416,               0.000416,               0.000416
                    203,                0.53263,                0.30461,                0.94013,                 0.9404,                0.94193,                0.97285,                0.81586,                0.62419,                0.32898,                0.93866,             0.00040808,             0.00040808,             0.00040808
                    204,                 0.5146,                0.30433,                 0.9352,                0.93977,                  0.938,                0.97112,                0.81719,                0.61855,                0.32646,                0.93445,             0.00040016,             0.00040016,             0.00040016
                    205,                0.53555,                0.31349,                0.94218,                0.93694,                0.93816,                0.96988,                0.81589,                0.62385,                0.33262,                0.94086,             0.00039224,             0.00039224,             0.00039224
                    206,                0.52799,                0.31104,                 0.9474,                 0.9192,                0.95349,                0.96849,                0.81641,                0.62044,                0.33092,                0.93928,             0.00038432,             0.00038432,             0.00038432
                    207,                0.52932,                0.31123,                 0.9366,                0.93036,                 0.9509,                0.97001,                 0.8143,                 0.6217,                0.33287,                0.94105,              0.0003764,              0.0003764,              0.0003764
                    208,                0.53127,                0.30699,                0.93938,                0.92503,                0.94918,                0.96992,                0.81794,                0.62167,                0.33127,                0.94133,             0.00036848,             0.00036848,             0.00036848
                    209,                0.52246,                0.30661,                0.93924,                0.93172,                0.93995,                0.97002,                 0.8196,                0.61866,                0.32324,                0.93873,             0.00036056,             0.00036056,             0.00036056
                    210,                 0.5344,                0.30702,                0.94488,                0.92944,                0.93766,                 0.9685,                0.81784,                0.62483,                0.32998,                0.94153,             0.00035264,             0.00035264,             0.00035264
                    211,                 0.5224,                0.29939,                 0.9374,                0.93834,                0.93571,                 0.9686,                0.81762,                0.62565,                0.32932,                0.94123,             0.00034472,             0.00034472,             0.00034472
                    212,                0.51488,                0.29717,                0.93554,                0.93574,                0.93618,                0.96858,                0.81721,                0.62546,                0.33018,                0.94102,              0.0003368,              0.0003368,              0.0003368
                    213,                0.51647,                0.30472,                 0.9393,                0.94619,                  0.938,                0.96897,                0.81843,                0.62378,                0.33065,                0.94038,             0.00032888,             0.00032888,             0.00032888
                    214,                0.52178,                 0.3048,                0.93626,                0.92811,                0.94719,                0.96941,                0.81663,                0.62491,                0.33205,                0.94215,             0.00032096,             0.00032096,             0.00032096
                    215,                0.51156,                0.29542,                0.93484,                0.94236,                0.93859,                0.96863,                0.81789,                0.62156,                0.33083,                0.93866,             0.00031304,             0.00031304,             0.00031304
                    216,                0.51801,                0.29491,                0.93033,                0.92483,                0.95293,                0.96937,                0.81646,                0.62064,                 0.3302,                0.93738,             0.00030512,             0.00030512,             0.00030512
                    217,                0.51077,                0.29936,                0.93713,                0.92626,                0.95183,                0.97089,                0.81813,                0.62261,                0.32753,                0.93818,              0.0002972,              0.0002972,              0.0002972
                    218,                0.51667,                0.29577,                0.93876,                0.91954,                0.95781,                0.97074,                0.82071,                0.62258,                0.32817,                0.93884,             0.00028928,             0.00028928,             0.00028928
                    219,                0.51982,                 0.3002,                0.93494,                0.93941,                0.94351,                0.96964,                0.82003,                0.62224,                0.32774,                0.93766,             0.00028136,             0.00028136,             0.00028136
                    220,                0.51457,                0.29482,                0.93365,                0.93629,                0.94481,                0.97119,                0.82151,                0.61847,                  0.327,                  0.935,             0.00027344,             0.00027344,             0.00027344
                    221,                0.49368,                0.28638,                0.92673,                 0.9359,                0.94259,                0.97157,                0.82241,                0.61933,                0.32634,                0.93782,             0.00026552,             0.00026552,             0.00026552
                    222,                0.52545,                0.31003,                0.93711,                0.93505,                0.94211,                0.97039,                0.82007,                0.61927,                 0.3279,                0.93686,              0.0002576,              0.0002576,              0.0002576
                    223,                0.51076,                0.29822,                0.93577,                0.93827,                0.94228,                0.96956,                0.81656,                0.61735,                0.32656,                0.93682,             0.00024968,             0.00024968,             0.00024968
                    224,                0.51378,                0.29736,                 0.9375,                0.93767,                0.94145,                0.97056,                0.81786,                0.61444,                0.32123,                0.93469,             0.00024176,             0.00024176,             0.00024176
                    225,                 0.5148,                0.29314,                0.92976,                0.93785,                  0.938,                0.97149,                0.81937,                0.61253,                0.32238,                0.93252,             0.00023384,             0.00023384,             0.00023384
                    226,                0.51513,                0.29961,                 0.9352,                0.92703,                0.95408,                0.97331,                0.82342,                0.61374,                0.32301,                0.93331,             0.00022592,             0.00022592,             0.00022592
                    227,                0.50119,                 0.2922,                0.93386,                0.93902,                0.93915,                0.96981,                0.82119,                0.61279,                0.32268,                0.93293,               0.000218,               0.000218,               0.000218
                    228,                0.49822,                0.28606,                 0.9299,                0.93696,                 0.9386,                0.96886,                0.81988,                 0.6153,                0.32832,                0.93373,             0.00021008,             0.00021008,             0.00021008
                    229,                0.50309,                0.28798,                0.92971,                0.93506,                 0.9403,                  0.969,                0.82303,                0.61329,                0.32486,                0.93226,             0.00020216,             0.00020216,             0.00020216
                    230,                0.50449,                0.29185,                0.93394,                0.93793,                0.93915,                0.96975,                0.82171,                0.61503,                0.32571,                0.93442,             0.00019424,             0.00019424,             0.00019424
                    231,                0.50328,                0.29496,                0.92936,                0.93543,                  0.938,                0.97067,                0.82219,                0.61378,                 0.3293,                0.93434,             0.00018632,             0.00018632,             0.00018632
                    232,                0.50264,                0.28995,                0.93339,                0.92541,                0.95439,                0.97061,                0.82244,                0.61222,                0.32898,                 0.9349,              0.0001784,              0.0001784,              0.0001784
                    233,                0.50022,                0.29125,                0.93211,                0.92594,                0.95178,                0.97007,                0.82193,                0.61158,                 0.3291,                 0.9345,             0.00017048,             0.00017048,             0.00017048
                    234,                0.49494,                0.28749,                0.92961,                0.93329,                0.94145,                0.97009,                 0.8222,                0.61195,                0.33061,                 0.9353,             0.00016256,             0.00016256,             0.00016256
                    235,                0.49749,                 0.2883,                0.93068,                0.92883,                0.95293,                0.97062,                0.82011,                0.61291,                0.32935,                0.93612,             0.00015464,             0.00015464,             0.00015464
                    236,                0.49998,                0.28745,                0.92981,                0.93823,                 0.9403,                0.96969,                0.82233,                 0.6126,                0.32805,                0.93526,             0.00014672,             0.00014672,             0.00014672
                    237,                0.50561,                0.28691,                0.93369,                0.93603,                 0.9408,                0.96879,                0.82122,                 0.6118,                0.32673,                0.93448,              0.0001388,              0.0001388,              0.0001388
                    238,                 0.4899,                0.28295,                0.93221,                0.93758,                 0.9403,                0.96899,                0.82143,                0.61197,                0.32648,                0.93518,             0.00013088,             0.00013088,             0.00013088
                    239,                0.49346,                0.28197,                0.92208,                0.92246,                0.95607,                0.96988,                0.82111,                0.61044,                 0.3265,                0.93387,             0.00012296,             0.00012296,             0.00012296
                    240,                0.49187,                0.28336,                0.92356,                0.94109,                0.93915,                0.97018,                0.82348,                0.60877,                0.32477,                0.93369,             0.00011504,             0.00011504,             0.00011504
                    241,                0.46873,                0.24982,                0.89925,                0.92216,                0.95206,                 0.9689,                0.82107,                0.60914,                0.32765,                 0.9345,             0.00010712,             0.00010712,             0.00010712
                    242,                0.45672,                0.23981,                0.88401,                0.92797,                0.94667,                0.96934,                0.82004,                0.61199,                 0.3307,                0.93727,               9.92e-05,               9.92e-05,               9.92e-05
                    243,                0.45798,                0.23984,                0.88774,                0.92351,                0.95293,                0.96969,                0.82127,                0.61386,                0.33205,                0.93843,              9.128e-05,              9.128e-05,              9.128e-05
                    244,                0.45373,                0.23751,                 0.8875,                0.92461,                0.94834,                0.96988,                0.82254,                0.61352,                 0.3319,                0.93931,              8.336e-05,              8.336e-05,              8.336e-05
                    245,                0.45679,                0.23975,                0.87822,                0.93169,                0.94145,                0.96804,                0.82397,                0.61103,                0.33234,                0.93853,              7.544e-05,              7.544e-05,              7.544e-05
                    246,                0.45052,                0.23422,                0.88157,                0.92952,                 0.9403,                0.96871,                0.82549,                0.60914,                 0.3316,                 0.9373,              6.752e-05,              6.752e-05,              6.752e-05
                    247,                0.44712,                0.23151,                 0.8874,                 0.9315,                 0.9403,                0.96926,                0.82498,                0.60843,                0.32936,                0.93648,               5.96e-05,               5.96e-05,               5.96e-05
                    248,                  0.445,                0.23479,                0.88076,                0.93208,                0.94145,                0.97053,                0.82668,                0.60794,                0.32718,                0.93606,              5.168e-05,              5.168e-05,              5.168e-05
                    249,                0.44392,                0.22757,                0.88722,                0.93403,                0.94145,                0.97127,                0.82824,                0.60858,                0.32548,                0.93603,              4.376e-05,              4.376e-05,              4.376e-05
                    250,                0.44571,                 0.2341,                0.88386,                0.93278,                0.93994,                0.96995,                0.82746,                0.60815,                0.32621,                 0.9355,              3.584e-05,              3.584e-05,              3.584e-05
